{
  "trust": {
    "ops": 1000,
    "time": 0.0010006427764892578,
    "ops_per_sec": 999357.6364069574
  },
  "blockchain": {
    "blocks": 100,
    "time": 0.16273212432861328,
    "blocks_per_sec": 614.5068185680714,
    "valid": true
  },
  "isolation": {
    "ops": 200,
    "time": 0.501842737197876,
    "ops_per_sec": 398.5312233803241
  }
}